Chromosome,Start_Position,End_Position,Strand,Hugo_Symbol,logFC,adj.P.Val,Moonlight_gene_z_score,Moonlight_Oncogenic_Mediator,CScape_Coding_score,CScape_Noncoding_score,CScape_Mut_Class,CScape_Remark,Potential_Effect_on_Transcription,Potential_Effect_on_Translation,Potential_Effect_on_Protein,Annotation,Annotation_Start,Annotation_End,NCG_cgc_annotation,NCG_vogelstein_annotation,NCG_saito_annotation,NCG_driver,NCG_pubmed_id,NCG_cancer_type,Variant_Classification,Variant_Type,Reference_Allele,Tumor_Seq_Allele1,Tumor_Seq_Allele2,Match_Norm_Seq_Allele1,Match_Norm_Seq_Allele2,Tumor_Validation_Allele1,Tumor_Validation_Allele2,Match_Norm_Validation_Allele1,Match_Norm_Validation_Allele2,Allele,ALLELE_NUM,Tumor_Sample_Barcode,Matched_Norm_Sample_Barcode
chr17,3494441,3494441,+,ASPA,-2.8505717053679738,4.2819620344390705e-32,1.2844570503761732,TSG,0.683036,NA,Driver,Low-confidence,0,1,0,NA,NA,NA,NA,NA,NA,NA,NA,NA,Silent,SNP,C,C,T,NA,NA,NA,NA,NA,NA,T,1,TCGA-55-6968-01A-11D-1945-08,TCGA-55-6968-11A-01D-1945-08
chr1,202331883,202331883,+,UBE2T,3.144148649955585,7.466095394829753e-32,3.136768754803692,OCG,0.626424,NA,Driver,Low-confidence,0,0,1,NA,NA,NA,NA,NA,NA,NA,NA,NA,Missense_Mutation,SNP,C,C,A,NA,NA,NA,NA,NA,NA,A,1,TCGA-91-6829-01A-21D-1855-08,TCGA-91-6829-11A-01D-1855-08
chr3,46895771,46895771,+,PTH1R,-2.210429780464544,1.453839795037647e-29,0.5773502691896258,TSG,0.765347,NA,Driver,Low-confidence,0,0,1,NA,NA,NA,NA,NA,NA,NA,NA,NA,Missense_Mutation,SNP,C,C,A,NA,NA,NA,NA,NA,NA,A,1,TCGA-50-5939-01A-11D-1625-08,TCGA-50-5939-11A-01D-1625-08
chr5,138179726,138179726,+,KIF20A,3.21844550853334,2.2143008498950984e-29,3.767257503984521,OCG,0.53902,NA,Driver,Low-confidence,0,0,1,NA,NA,NA,NA,NA,NA,NA,NA,NA,Missense_Mutation,SNP,G,G,T,NA,NA,NA,NA,NA,NA,T,1,TCGA-50-5931-01A-11D-1753-08,TCGA-50-5931-11A-01D-1753-08
chr10,54153104,54153104,+,PCDH15,-4.932266956233548,2.281396823917985e-28,1.2195787943777123,OCG,0.884484,NA,Driver,Low-confidence,0,1,0,NA,NA,NA,NA,NA,NA,Candidate,"18772397, 27311963, 21798893, 31937901","pancreatic_ductal_adenocarcinoma, pan-cancer_adult, squamous_head_and_neck_cancer, ocular_adnexal_sebaceous_carcinoma",Silent,SNP,G,G,T,NA,NA,NA,NA,NA,NA,T,1,TCGA-44-3396-01A-01D-1553-08,TCGA-44-3396-10A-01D-1265-08
chr10,53840339,53840339,+,PCDH15,-4.932266956233548,2.281396823917985e-28,1.2195787943777123,OCG,0.791574,NA,Driver,Low-confidence,0,0,1,NA,NA,NA,NA,NA,NA,Candidate,"18772397, 27311963, 21798893, 31937901","pancreatic_ductal_adenocarcinoma, pan-cancer_adult, squamous_head_and_neck_cancer, ocular_adnexal_sebaceous_carcinoma",Missense_Mutation,SNP,C,C,T,NA,NA,NA,NA,NA,NA,T,1,TCGA-50-5933-01A-11D-1753-08,TCGA-50-5933-11A-01D-1753-08
chr1,211675449,211675449,+,NEK2,3.7589387709503437,6.157186905871713e-28,3.7424137786507226,OCG,0.962594,NA,Driver,High-confidence,0,1,0,Promoter,211675272,211676240,NA,NA,NA,Candidate,"27149842, 20668451","colorectal_adenocarcinoma, breast_cancer",Silent,SNP,A,A,G,NA,NA,NA,NA,NA,NA,G,1,TCGA-50-5933-01A-11D-1753-08,TCGA-50-5933-11A-01D-1753-08
chr1,163339441,163339441,+,NUF2,3.4340543290427896,6.458596620024907e-28,2.930296965031315,OCG,0.898297,NA,Driver,High-confidence,0,1,0,NA,NA,NA,NA,NA,NA,NA,NA,NA,Silent,SNP,A,A,G,NA,NA,NA,NA,NA,NA,G,1,TCGA-44-2657-01A-01D-1105-08,TCGA-44-2657-10A-01D-1105-08
chr5,163491132,163491132,+,HMMR,3.108994568877679,6.210607158870701e-28,3.106628514316319,OCG,0.548523,NA,Driver,Low-confidence,0,0,1,NA,NA,NA,NA,NA,NA,NA,NA,NA,Missense_Mutation,SNP,G,G,T,NA,NA,NA,NA,NA,NA,T,1,TCGA-38-4632-01A-01D-1753-08,TCGA-38-4632-11A-01D-1753-08
chr4,153397267,153397267,+,MND1,3.0624256609597005,1.2056713299267006e-27,3.3300498947428334,OCG,0.511552,NA,Driver,Low-confidence,0,0,1,NA,NA,NA,NA,NA,NA,NA,NA,NA,Missense_Mutation,SNP,A,A,T,NA,NA,NA,NA,NA,NA,T,1,TCGA-44-6146-01A-31D-A27T-08,TCGA-44-6146-10A-01D-1753-08
chr4,99314083,99314083,+,ADH1B,-4.3909868237050045,1.5371073806078998e-27,0.5850249857604999,OCG,NA,0.614705,Driver,Low-confidence,1,1,1,NA,NA,NA,NA,NA,NA,Candidate,25362482,hepatocellular_carcinoma,Splice_Site,SNP,T,T,A,NA,NA,NA,NA,NA,NA,A,1,TCGA-50-5930-01A-11D-1753-08,TCGA-50-5930-11A-01D-1753-08
chr7,36424695,36424695,+,ANLN,3.8191965965498103,5.5022906271781445e-27,3.2167275751364235,OCG,0.79209,NA,Driver,Low-confidence,0,0,1,NA,NA,NA,NA,NA,NA,Candidate,29854292,breast_cancer,Missense_Mutation,SNP,A,A,G,NA,NA,NA,NA,NA,NA,G,1,TCGA-38-4632-01A-01D-1753-08,TCGA-38-4632-11A-01D-1753-08
chr1,241861449,241861449,+,EXO1,3.4956531004917144,9.589961657194807e-27,4.206891157375894,OCG,0.624207,NA,Driver,Low-confidence,0,0,1,NA,NA,NA,NA,NA,NA,NA,NA,NA,Missense_Mutation,SNP,A,A,G,NA,NA,NA,NA,NA,NA,G,1,TCGA-50-5930-01A-11D-1753-08,TCGA-50-5930-11A-01D-1753-08
chr1,46810819,46810819,+,CYP4B1,-4.665690551253124,1.434555838248347e-26,2.099800270871355,OCG,0.662732,NA,Driver,Low-confidence,0,1,0,NA,NA,NA,NA,NA,NA,Candidate,29622466,pan-gastric,Silent,SNP,G,G,A,NA,NA,NA,NA,NA,NA,A,1,TCGA-91-6849-01A-11D-1945-08,TCGA-91-6849-11A-01D-1945-08
chr15,40208657,40208657,+,BUB1B,3.4148130448994514,2.2817626439032072e-26,3.580684833686473,OCG,0.906588,NA,Driver,High-confidence,0,0,1,NA,NA,NA,TSG,NA,NA,TSG,"14993899, 27135926",NA,Missense_Mutation,SNP,G,G,A,NA,NA,NA,NA,NA,NA,A,1,TCGA-50-5939-01A-11D-1625-08,TCGA-50-5939-11A-01D-1625-08
chr1,44758053,44758053,+,KIF2C,3.262825907620191,2.182948369813088e-26,3.9588526680984213,OCG,0.571892,NA,Driver,Low-confidence,0,1,0,NA,NA,NA,NA,NA,NA,NA,NA,NA,Silent,SNP,G,G,T,NA,NA,NA,NA,NA,NA,T,1,TCGA-49-6743-01A-11D-1855-08,TCGA-49-6743-11A-01D-1855-08
chr1,44762343,44762343,+,KIF2C,3.262825907620191,2.182948369813088e-26,3.9588526680984213,OCG,NA,0.59486000000000006,Driver,Low-confidence,1,1,1,NA,NA,NA,NA,NA,NA,NA,NA,NA,Splice_Region,SNP,C,C,G,NA,NA,NA,NA,NA,NA,G,1,TCGA-49-6743-01A-11D-1855-08,TCGA-49-6743-11A-01D-1855-08
chr4,177322462,177322462,+,NEIL3,4.008207103778035,2.5446864521806166e-26,1.9944609501142183,OCG,0.50465,NA,Driver,Low-confidence,0,0,1,NA,NA,NA,NA,NA,NA,NA,NA,NA,Missense_Mutation,SNP,G,G,T,NA,NA,NA,NA,NA,NA,T,1,TCGA-55-6985-01A-11D-1945-08,TCGA-55-6985-11A-01D-1945-08
chr12,53049154,53049154,+,TNS2,-1.7332545228994816,2.701387592177173e-26,1.414213562373095,OCG,0.635745,NA,Driver,Low-confidence,1,1,0,NA,NA,NA,NA,NA,NA,NA,NA,NA,5'Flank,SNP,G,G,C,NA,NA,NA,NA,NA,NA,C,1,TCGA-44-6777-01A-11D-1855-08,TCGA-44-6777-10A-01D-1855-08
chr10,92628849,92628849,+,KIF11,2.896151575098857,3.6607214193166057e-26,3.3996661798045764,OCG,0.841557,NA,Driver,Low-confidence,0,0,1,NA,NA,NA,NA,NA,NA,NA,NA,NA,Missense_Mutation,SNP,T,T,A,NA,NA,NA,NA,NA,NA,A,1,TCGA-91-6829-01A-21D-1855-08,TCGA-91-6829-11A-01D-1855-08
chr6,80031466,80031466,+,TTK,3.294573099561546,6.941525628787302e-26,3.7284068657367344,OCG,NA,0.662313,Driver,Low-confidence,1,1,1,NA,NA,NA,NA,NA,NA,Candidate,22037554,gastric_adenocarcinoma,Splice_Site,SNP,G,G,T,NA,NA,NA,NA,NA,NA,T,1,TCGA-38-4625-01A-01D-1553-08,TCGA-38-4625-11A-01D-1553-08
chr5,168708048,168708048,+,SLIT3,-2.6450248180884026,2.298645115957363e-25,1.4715873793431686,TSG,0.89641,NA,Driver,High-confidence,0,1,0,NA,NA,NA,NA,NA,NA,Candidate,"30718927, 22941188","esophageal_adenocarcinoma, small_cell_lung_cancer",Silent,SNP,C,C,T,NA,NA,NA,NA,NA,NA,T,1,TCGA-38-4625-01A-01D-1553-08,TCGA-38-4625-11A-01D-1553-08
chr2,26793254,26793254,+,CENPA,3.369993859898987,3.6827844909907586e-25,4.222650161978808,OCG,0.517697,NA,Driver,Low-confidence,0,0,1,NA,NA,NA,NA,NA,NA,NA,NA,NA,Missense_Mutation,SNP,G,G,T,NA,NA,NA,NA,NA,NA,T,1,TCGA-38-4632-01A-01D-1753-08,TCGA-38-4632-11A-01D-1753-08
chr6,30492433,30492433,+,HLA-E,-1.5721007060120167,3.7550165137716707e-25,0.5122819323447919,OCG,0.618701,NA,Driver,Low-confidence,0,0,1,NA,NA,NA,NA,NA,NA,NA,NA,NA,Missense_Mutation,SNP,G,G,C,NA,NA,NA,NA,NA,NA,C,1,TCGA-55-6968-01A-11D-1945-08,TCGA-55-6968-11A-01D-1945-08
chr20,43711575,43711575,+,MYBL2,3.841140027747545,1.1844212354922852e-24,3.237894614850007,OCG,0.539266,NA,Driver,Low-confidence,0,0,1,NA,NA,NA,NA,NA,NA,Candidate,27149842,colorectal_adenocarcinoma,Missense_Mutation,SNP,C,C,T,NA,NA,NA,NA,NA,NA,T,1,TCGA-44-2657-01A-01D-1105-08,TCGA-44-2657-10A-01D-1105-08
chr20,43705336,43705336,+,MYBL2,3.841140027747545,1.1844212354922852e-24,3.237894614850007,OCG,0.684485,NA,Driver,Low-confidence,0,0,1,NA,NA,NA,NA,NA,NA,Candidate,27149842,colorectal_adenocarcinoma,Missense_Mutation,SNP,C,C,T,NA,NA,NA,NA,NA,NA,T,1,TCGA-55-6984-01A-11D-1945-08,TCGA-55-6984-11A-01D-1945-08
chr20,31771582,31771582,+,TPX2,3.46497656596158,1.2128940495100407e-24,4.157083832885649,OCG,0.711622,NA,Driver,Low-confidence,0,0,1,NA,NA,NA,NA,NA,NA,Candidate,"24390350, 27311963","pan-cancer_adult, pan-cancer_adult",Missense_Mutation,SNP,G,G,C,NA,NA,NA,NA,NA,NA,C,1,TCGA-55-6972-01A-11D-1945-08,TCGA-55-6972-11A-01D-1945-08
chr8,47970796,47970796,+,MCM4,2.0171155084587475,1.7191674738972936e-24,2.9325743485711318,OCG,0.545269,NA,Driver,Low-confidence,0,0,1,NA,NA,NA,NA,NA,NA,NA,NA,NA,Missense_Mutation,SNP,G,G,T,NA,NA,NA,NA,NA,NA,T,1,TCGA-50-5930-01A-11D-1753-08,TCGA-50-5930-11A-01D-1753-08
chr1,197133540,197133540,+,ASPM,3.4948206916942888,3.732296814050714e-24,3.3873711597741565,OCG,0.555594,NA,Driver,Low-confidence,0,1,0,NA,NA,NA,NA,NA,NA,Candidate,26168399,small_cell_lung_cancer,Silent,SNP,A,A,T,NA,NA,NA,NA,NA,NA,T,1,TCGA-55-6971-01A-11D-1945-08,TCGA-55-6971-11A-01D-1945-08
chr1,197133522,197133522,+,ASPM,3.4948206916942888,3.732296814050714e-24,3.3873711597741565,OCG,0.6674,NA,Driver,Low-confidence,0,1,0,NA,NA,NA,NA,NA,NA,Candidate,26168399,small_cell_lung_cancer,Silent,SNP,C,C,T,NA,NA,NA,NA,NA,NA,T,1,TCGA-91-6836-01A-21D-1855-08,TCGA-91-6836-11A-01D-1855-08
chr1,214614954,214614954,+,CENPF,3.494194458840512,9.285498797498164e-24,3.7720829697527014,OCG,0.70187600000000006,NA,Driver,Low-confidence,0,1,0,NA,NA,NA,NA,NA,NA,Candidate,28452984,chronic_myeloid_leukemia,Silent,SNP,A,A,G,NA,NA,NA,NA,NA,NA,G,1,TCGA-44-3398-01A-01D-1105-08,TCGA-44-3398-10A-01D-1105-08
chr2,96342059,96342059,+,NCAPH,2.8909403921950316,1.1133447866900109e-23,3.8704520643457228,OCG,0.716035,NA,Driver,Low-confidence,0,0,1,NA,NA,NA,NA,NA,NA,NA,NA,NA,Missense_Mutation,SNP,C,C,G,NA,NA,NA,NA,NA,NA,G,1,TCGA-91-6829-01A-21D-1855-08,TCGA-91-6829-11A-01D-1855-08
chr21,36402820,36402820,+,CHAF1B,1.842225310440843,1.2672046931329426e-23,2.1378823676683143,OCG,0.613708,NA,Driver,Low-confidence,0,1,0,NA,NA,NA,NA,NA,NA,Candidate,27311963,pan-cancer_adult,Silent,SNP,C,C,T,NA,NA,NA,NA,NA,NA,T,1,TCGA-38-4625-01A-01D-1553-08,TCGA-38-4625-11A-01D-1553-08
chr18,2599103,2599103,+,NDC80,3.061851264479612,1.4714466684916067e-23,4.187810594679535,OCG,0.792596,NA,Driver,Low-confidence,0,0,1,NA,NA,NA,NA,NA,NA,Candidate,22561520,cholangiocarcinoma,Missense_Mutation,SNP,G,G,C,NA,NA,NA,NA,NA,NA,C,1,TCGA-49-6743-01A-11D-1855-08,TCGA-49-6743-11A-01D-1855-08
chr16,46581789,46581789,+,SHCBP1,2.5167393125406763,2.0850694307004955e-23,2.4577787032641627,OCG,0.519656,NA,Driver,Low-confidence,0,1,0,NA,NA,NA,NA,NA,NA,NA,NA,NA,Silent,SNP,C,C,A,NA,NA,NA,NA,NA,NA,A,1,TCGA-44-6777-01A-11D-1855-08,TCGA-44-6777-10A-01D-1855-08
chr10,13197666,13197666,+,MCM10,3.404359078829156,7.215869809841456e-23,3.9374272425440844,OCG,0.883588,NA,Driver,Low-confidence,0,0,1,NA,NA,NA,NA,NA,NA,NA,NA,NA,Missense_Mutation,SNP,C,C,A,NA,NA,NA,NA,NA,NA,A,1,TCGA-38-4632-01A-01D-1753-08,TCGA-38-4632-11A-01D-1753-08
chr22,19483946,19483946,+,CDC45,2.8174903808179446,7.587026663999782e-23,3.693920288775949,OCG,0.658551,NA,Driver,Low-confidence,0,0,1,NA,NA,NA,NA,NA,NA,NA,NA,NA,Missense_Mutation,SNP,C,C,T,NA,NA,NA,NA,NA,NA,T,1,TCGA-91-6831-01A-11D-1855-08,TCGA-91-6831-11A-02D-1855-08
chr1,52383424,52383424,+,ORC1,2.6691163589003906,1.0001721135821433e-22,3.8867882015410657,OCG,0.642324,NA,Driver,Low-confidence,0,0,1,NA,NA,NA,NA,NA,NA,NA,NA,NA,Missense_Mutation,SNP,C,C,T,NA,NA,NA,NA,NA,NA,T,1,TCGA-44-6778-01A-11D-1855-08,TCGA-44-6778-10A-01D-1855-08
chr12,65308619,65308619,+,MSRB3,-1.7870772773273407,9.230463581239173e-23,1.432848405204197,TSG,0.701339,NA,Driver,Low-confidence,1,1,1,NA,NA,NA,NA,NA,NA,NA,NA,NA,Intron,SNP,C,C,G,NA,NA,NA,NA,NA,NA,G,1,TCGA-44-6777-01A-11D-1855-08,TCGA-44-6777-10A-01D-1855-08
chr15,69429146,69429146,+,KIF23,2.5885058243678474,1.3089030962439637e-22,3.8887950684688635,OCG,0.671619,NA,Driver,Low-confidence,0,0,1,NA,NA,NA,NA,NA,NA,NA,NA,NA,Missense_Mutation,SNP,G,G,T,NA,NA,NA,NA,NA,NA,T,1,TCGA-50-5930-01A-11D-1753-08,TCGA-50-5930-11A-01D-1753-08
chr11,125629400,125629400,+,CHEK1,2.282350568628911,1.3929238257346836e-22,4.090598006203907,OCG,0.576506,NA,Driver,Low-confidence,0,0,1,NA,NA,NA,NA,NA,NA,NA,NA,NA,Missense_Mutation,SNP,C,C,T,NA,NA,NA,NA,NA,NA,T,1,TCGA-44-6776-01A-11D-1855-08,TCGA-44-6776-10A-01D-1855-08
chr15,90980280,90980280,+,PRC1,2.38427892820476,1.5831082706832691e-22,4.428939561466561,OCG,0.572781,NA,Driver,Low-confidence,0,0,1,NA,NA,NA,NA,NA,NA,NA,NA,NA,Missense_Mutation,SNP,C,C,T,NA,NA,NA,NA,NA,NA,T,1,TCGA-55-6972-01A-11D-1945-08,TCGA-55-6972-11A-01D-1945-08
chr16,89816006,89816006,+,FANCA,1.681356475774844,2.066983003922267e-22,3.0994589432224693,OCG,NA,0.77073,Driver,High-confidence,1,1,1,Promoter,89815575,89817203,TSG,NA,NA,TSG,"24121791, 14993899, 29945994, 26632267, 27063598",NA,Intron,SNP,C,C,T,NA,NA,NA,NA,NA,NA,T,1,TCGA-38-4625-01A-01D-1553-08,TCGA-38-4625-11A-01D-1553-08
chr17,68045903,68045903,+,KPNA2,2.0025930770037954,2.0075500460737975e-22,3.0154115480376427,OCG,0.718918,NA,Driver,Low-confidence,0,0,1,NA,NA,NA,NA,NA,NA,NA,NA,NA,Missense_Mutation,SNP,G,G,C,NA,NA,NA,NA,NA,NA,C,1,TCGA-50-5936-01A-11D-1625-08,TCGA-50-5936-11A-01D-1625-08
chr8,25480011,25480011,+,CDCA2,3.02279830193575,1.2706746223450525e-21,3.1553989391563015,OCG,0.686989,NA,Driver,Low-confidence,0,0,1,NA,NA,NA,NA,NA,NA,NA,NA,NA,Missense_Mutation,SNP,G,G,T,NA,NA,NA,NA,NA,NA,T,1,TCGA-49-6743-01A-11D-1855-08,TCGA-49-6743-11A-01D-1855-08
chr3,121512019,121512019,+,POLQ,2.948566143699156,1.9408223946728866e-21,3.482512460700248,OCG,0.826526,NA,Driver,Low-confidence,0,1,0,NA,NA,NA,"oncogene, TSG",NA,NA,Candidate,"29625053, 30718927, 14993899, 24132290",NA,Silent,SNP,G,G,A,NA,NA,NA,NA,NA,NA,A,1,TCGA-49-6742-01A-11D-1855-08,TCGA-49-6742-11A-01D-1855-08
chr3,121539500,121539500,+,POLQ,2.948566143699156,1.9408223946728866e-21,3.482512460700248,OCG,0.582565,NA,Driver,Low-confidence,0,1,0,NA,NA,NA,"oncogene, TSG",NA,NA,Candidate,"29625053, 30718927, 14993899, 24132290",NA,Silent,SNP,G,G,A,NA,NA,NA,NA,NA,NA,A,1,TCGA-55-6972-01A-11D-1945-08,TCGA-55-6972-11A-01D-1945-08
chr10,128104961,128104961,+,MKI67,3.167233826785902,2.5228013557850933e-21,4.121851560533051,OCG,0.514965,NA,Driver,Low-confidence,0,1,0,NA,NA,NA,NA,NA,NA,Candidate,"23636398, 26503331, 27311963","endometrial_cancer, lung_squamous_cell_carcinoma, pan-cancer_adult",Silent,SNP,T,T,C,NA,NA,NA,NA,NA,NA,C,1,TCGA-49-6743-01A-11D-1855-08,TCGA-49-6743-11A-01D-1855-08
chr5,37291969,37291969,+,NUP155,1.3207371313591811,2.4133389298104442e-21,1.2559289460184544,OCG,0.74593,NA,Driver,Low-confidence,0,1,0,NA,NA,NA,NA,NA,NA,NA,NA,NA,Silent,SNP,C,C,T,NA,NA,NA,NA,NA,NA,T,1,TCGA-91-6836-01A-21D-1855-08,TCGA-91-6836-11A-01D-1855-08
chr12,122585689,122585689,+,KNTC1,1.9331971643414325,3.964122485659477e-21,2.898582603303596,OCG,0.540349,NA,Driver,Low-confidence,0,0,1,NA,NA,NA,NA,NA,NA,NA,NA,NA,Missense_Mutation,SNP,C,C,G,NA,NA,NA,NA,NA,NA,G,1,TCGA-55-6968-01A-11D-1945-08,TCGA-55-6968-11A-01D-1945-08
chr12,122618514,122618514,+,KNTC1,1.9331971643414325,3.964122485659477e-21,2.898582603303596,OCG,0.55311,NA,Driver,Low-confidence,0,0,1,NA,NA,NA,NA,NA,NA,NA,NA,NA,Missense_Mutation,SNP,G,G,T,NA,NA,NA,NA,NA,NA,T,1,TCGA-49-6743-01A-11D-1855-08,TCGA-49-6743-11A-01D-1855-08
chr12,122602722,122602722,+,KNTC1,1.9331971643414325,3.964122485659477e-21,2.898582603303596,OCG,0.596508,NA,Driver,Low-confidence,0,0,1,NA,NA,NA,NA,NA,NA,NA,NA,NA,Missense_Mutation,SNP,A,A,C,NA,NA,NA,NA,NA,NA,C,1,TCGA-50-5936-01A-11D-1625-08,TCGA-50-5936-11A-01D-1625-08
chr12,2868643,2868643,+,FOXM1,2.946470930672069,6.577150043375925e-21,3.986466872387803,OCG,0.90035,NA,Driver,High-confidence,0,0,1,NA,NA,NA,NA,NA,NA,Candidate,25501392,pan-cancer_adult,Missense_Mutation,SNP,G,G,C,NA,NA,NA,NA,NA,NA,C,1,TCGA-55-6979-01A-11D-1945-08,TCGA-55-6979-11A-01D-1945-08
chr5,149332794,149332794,+,AFAP1L1,-1.6574188704633648,1.2705464200484202e-20,0.9795357437684333,TSG,0.505654,NA,Driver,Low-confidence,0,0,1,NA,NA,NA,NA,NA,NA,NA,NA,NA,Missense_Mutation,SNP,C,C,T,NA,NA,NA,NA,NA,NA,T,1,TCGA-55-6968-01A-11D-1945-08,TCGA-55-6968-11A-01D-1945-08
chr10,17861402,17861402,+,MRC1,-2.466555483572378,4.0453982020043166e-20,0.7888159060803247,TSG,0.780119,NA,Driver,Low-confidence,0,0,1,NA,NA,NA,NA,NA,NA,NA,NA,NA,Missense_Mutation,SNP,C,C,T,NA,NA,NA,NA,NA,NA,T,1,TCGA-91-6836-01A-21D-1855-08,TCGA-91-6836-11A-01D-1855-08
chr10,17885368,17885368,+,MRC1,-2.466555483572378,4.0453982020043166e-20,0.7888159060803247,TSG,0.616154,NA,Driver,Low-confidence,0,0,1,NA,NA,NA,NA,NA,NA,NA,NA,NA,Missense_Mutation,SNP,G,G,T,NA,NA,NA,NA,NA,NA,T,1,TCGA-91-6829-01A-21D-1855-08,TCGA-91-6829-11A-01D-1855-08
chr10,17866594,17866594,+,MRC1,-2.466555483572378,4.0453982020043166e-20,0.7888159060803247,TSG,0.84256,NA,Driver,Low-confidence,0,0,1,NA,NA,NA,NA,NA,NA,NA,NA,NA,Missense_Mutation,SNP,G,G,A,NA,NA,NA,NA,NA,NA,A,1,TCGA-50-5930-01A-11D-1753-08,TCGA-50-5930-11A-01D-1753-08
chr1,183577692,183577692,+,NCF2,-1.6776441845994503,4.6266659986533645e-20,1.2860007817334107,TSG,0.630617,NA,Driver,Low-confidence,0,0,1,NA,NA,NA,NA,NA,NA,Candidate,27325650,penile_squamous_cancer,Missense_Mutation,SNP,G,G,C,NA,NA,NA,NA,NA,NA,C,1,TCGA-55-6968-01A-11D-1945-08,TCGA-55-6968-11A-01D-1945-08
chr15,66540105,66540105,+,ZWILCH,1.2788814329552345,7.684037448288264e-20,2.4453990394625893,OCG,0.684644,NA,Driver,Low-confidence,0,0,1,NA,NA,NA,NA,NA,NA,Candidate,21804550,diffuse_large_B-cell_lymphoma,Missense_Mutation,SNP,C,C,T,NA,NA,NA,NA,NA,NA,T,1,TCGA-91-6829-01A-21D-1855-08,TCGA-91-6829-11A-01D-1855-08
chr15,32623536,32623536,+,ARHGAP11A,2.1257884526503794,3.290747302994535e-19,3.4576742458106184,OCG,0.801422,NA,Driver,Low-confidence,0,0,1,NA,NA,NA,NA,NA,NA,NA,NA,NA,Missense_Mutation,SNP,C,C,A,NA,NA,NA,NA,NA,NA,A,1,TCGA-91-6828-01A-11D-1855-08,TCGA-91-6828-10A-01D-1855-08
chr17,69219691,69219691,+,ABCA10,-1.99214788158877,3.8254386242864424e-19,1,OCG,0.54513,NA,Driver,Low-confidence,0,1,0,NA,NA,NA,NA,NA,NA,Candidate,25079317,gastric_adenocarcinoma,Silent,SNP,C,C,T,NA,NA,NA,NA,NA,NA,T,1,TCGA-50-5930-01A-11D-1753-08,TCGA-50-5930-11A-01D-1753-08
chr6,33400155,33400155,+,KIFC1,2.3207589901263836,8.700016358320684e-19,4.454562067760731,OCG,NA,0.725368,Driver,High-confidence,1,1,1,NA,NA,NA,NA,NA,NA,NA,NA,NA,Intron,SNP,C,C,T,NA,NA,NA,NA,NA,NA,T,1,TCGA-38-4632-01A-01D-1753-08,TCGA-38-4632-11A-01D-1753-08
chr16,49491249,49491249,+,ZNF423,-1.8011737541185577,1.8493770911662154e-18,1.499652350828932,TSG,NA,0.775859,Driver,High-confidence,1,1,0,NA,NA,NA,NA,NA,NA,NA,NA,NA,3'UTR,SNP,G,G,T,NA,NA,NA,NA,NA,NA,T,1,TCGA-44-2657-01A-01D-1105-08,TCGA-44-2657-10A-01D-1105-08
chr12,4553147,4553147,+,RAD51AP1,1.809672474851908,3.8752884145709445e-18,3.5597387046113274,OCG,0.560955,NA,Driver,Low-confidence,0,0,1,NA,NA,NA,NA,NA,NA,NA,NA,NA,Missense_Mutation,SNP,G,G,T,NA,NA,NA,NA,NA,NA,T,1,TCGA-38-4626-01A-01D-1553-08,TCGA-38-4626-11A-01D-1553-08
chr17,59201608,59201608,+,PRR11,2.236843297529407,8.585281857457111e-18,4.16062987242895,OCG,0.760766,NA,Driver,Low-confidence,0,0,1,NA,NA,NA,NA,NA,NA,NA,NA,NA,Missense_Mutation,SNP,A,A,T,NA,NA,NA,NA,NA,NA,T,1,TCGA-55-6979-01A-11D-1945-08,TCGA-55-6979-11A-01D-1945-08
chr17,59197759,59197759,+,PRR11,2.236843297529407,8.585281857457111e-18,4.16062987242895,OCG,0.699558,NA,Driver,Low-confidence,0,1,0,NA,NA,NA,NA,NA,NA,NA,NA,NA,Silent,SNP,G,G,A,NA,NA,NA,NA,NA,NA,A,1,TCGA-55-6985-01A-11D-1945-08,TCGA-55-6985-11A-01D-1945-08
chr4,127881162,127881162,+,PLK4,1.865335251054086,8.13414345923743e-18,3.508276020275053,OCG,0.888106,NA,Driver,Low-confidence,0,0,1,Promoter,127880227,127881872,NA,NA,NA,NA,NA,NA,Missense_Mutation,SNP,G,G,C,NA,NA,NA,NA,NA,NA,C,1,TCGA-55-6982-01A-11D-1945-08,TCGA-55-6982-11A-01D-1945-08
chr1,100106922,100106922,+,SASS6,1.3270890352757228,1.1650824053718243e-17,3.70420949335341,OCG,0.661331,NA,Driver,Low-confidence,0,1,0,NA,NA,NA,NA,NA,NA,NA,NA,NA,Silent,SNP,A,A,G,NA,NA,NA,NA,NA,NA,G,1,TCGA-91-6828-01A-11D-1855-08,TCGA-91-6828-10A-01D-1855-08
chr12,53289421,53289421,+,ESPL1,2.731198730232977,1.5245942042974653e-17,3.4581621468837174,OCG,0.650575,NA,Driver,Low-confidence,0,0,1,NA,NA,NA,NA,NA,NA,Candidate,"21822268, 24121792, 26625313","bladder_cancer, bladder_cancer, bladder_cancer",Missense_Mutation,SNP,G,G,A,NA,NA,NA,NA,NA,NA,A,1,TCGA-55-6968-01A-11D-1945-08,TCGA-55-6968-11A-01D-1945-08
chr8,120470878,120470878,+,MTBP,1.518588124173042,1.0133372393425738e-17,0.47360679774997894,OCG,0.850405,NA,Driver,Low-confidence,0,0,1,NA,NA,NA,NA,NA,NA,NA,NA,NA,Missense_Mutation,SNP,A,A,C,NA,NA,NA,NA,NA,NA,C,1,TCGA-91-6829-01A-21D-1855-08,TCGA-91-6829-11A-01D-1855-08
chr1,35746961,35746961,+,CLSPN,2.760698312935965,2.856304157863811e-17,4.0980671492235725,OCG,0.569977,NA,Driver,Low-confidence,0,0,1,NA,NA,NA,NA,NA,NA,NA,NA,NA,Missense_Mutation,SNP,A,A,G,NA,NA,NA,NA,NA,NA,G,1,TCGA-44-6146-01A-31D-A27T-08,TCGA-44-6146-10A-01D-1753-08
chr8,123401048,123401048,+,ATAD2,1.6289681442957202,8.608041224390479e-17,2.260437611147043,OCG,NA,0.55309,Driver,Low-confidence,1,1,0,NA,NA,NA,NA,NA,NA,Candidate,26451490,breast_cancer,5'Flank,SNP,T,T,G,NA,NA,NA,NA,NA,NA,G,1,TCGA-91-6847-01A-11D-1945-08,TCGA-91-6847-11A-01D-1945-08
chr8,123401091,123401091,+,ATAD2,1.6289681442957202,8.608041224390479e-17,2.260437611147043,OCG,NA,0.613561,Driver,Low-confidence,1,1,0,NA,NA,NA,NA,NA,NA,Candidate,26451490,breast_cancer,5'Flank,SNP,C,C,T,NA,NA,NA,NA,NA,NA,T,1,TCGA-91-6829-01A-21D-1855-08,TCGA-91-6829-11A-01D-1855-08
chr8,123344869,123344869,+,ATAD2,1.6289681442957202,8.608041224390479e-17,2.260437611147043,OCG,NA,0.642978,Driver,Low-confidence,1,1,1,NA,NA,NA,NA,NA,NA,Candidate,26451490,breast_cancer,Intron,SNP,C,C,A,NA,NA,NA,NA,NA,NA,A,1,TCGA-49-6744-01A-11D-1855-08,TCGA-49-6744-11A-01D-1855-08
chr8,123344870,123344870,+,ATAD2,1.6289681442957202,8.608041224390479e-17,2.260437611147043,OCG,NA,0.657747,Driver,Low-confidence,1,1,1,NA,NA,NA,NA,NA,NA,Candidate,26451490,breast_cancer,Intron,SNP,C,C,A,NA,NA,NA,NA,NA,NA,A,1,TCGA-49-6744-01A-11D-1855-08,TCGA-49-6744-11A-01D-1855-08
chr8,119841814,119841814,+,DSCC1,1.625493521752167,1.9755285268736073e-16,3.358873389917955,OCG,0.704683,NA,Driver,Low-confidence,0,0,1,NA,NA,NA,NA,NA,NA,NA,NA,NA,Missense_Mutation,SNP,T,T,C,NA,NA,NA,NA,NA,NA,C,1,TCGA-55-6972-01A-11D-1945-08,TCGA-55-6972-11A-01D-1945-08
chr6,169237637,169237637,+,THBS2,3.032753024489753,1.5696680335489512e-16,0.33820071635561044,OCG,0.566904,NA,Driver,Low-confidence,0,0,1,NA,NA,NA,NA,NA,NA,Candidate,28551381,colorectal_adenocarcinoma,Missense_Mutation,SNP,A,A,C,NA,NA,NA,NA,NA,NA,C,1,TCGA-50-5933-01A-11D-1753-08,TCGA-50-5933-11A-01D-1753-08
chr17,30877479,30877479,+,ATAD5,1.3483488459973891,1.8464993139499016e-16,2.4319394047296887,OCG,0.675027,NA,Driver,Low-confidence,0,0,1,NA,NA,NA,NA,NA,NA,NA,NA,NA,Missense_Mutation,SNP,C,C,T,NA,NA,NA,NA,NA,NA,T,1,TCGA-55-6968-01A-11D-1945-08,TCGA-55-6968-11A-01D-1945-08
chr5,896723,896723,+,TRIP13,2.339806878177109,3.1286020331856017e-16,2.4454784742059927,OCG,0.652355,NA,Driver,Low-confidence,0,0,1,NA,NA,NA,NA,NA,NA,NA,NA,NA,Missense_Mutation,SNP,G,G,T,NA,NA,NA,NA,NA,NA,T,1,TCGA-50-5930-01A-11D-1753-08,TCGA-50-5930-11A-01D-1753-08
chr5,126832721,126832721,+,LMNB1,1.751570855998799,3.413367783911059e-16,3.306406062353636,OCG,0.590691,NA,Driver,Low-confidence,1,1,1,NA,NA,NA,NA,NA,NA,NA,NA,NA,Nonsense_Mutation,SNP,A,A,T,NA,NA,NA,NA,NA,NA,T,1,TCGA-50-5930-01A-11D-1753-08,TCGA-50-5930-11A-01D-1753-08
chr3,32138696,32138696,+,GPD1L,-1.2616647253722268,4.324571775605085e-16,0.7041241452319316,OCG,0.575308,NA,Driver,Low-confidence,0,0,1,NA,NA,NA,NA,NA,NA,NA,NA,NA,Missense_Mutation,SNP,C,C,T,NA,NA,NA,NA,NA,NA,T,1,TCGA-49-6743-01A-11D-1855-08,TCGA-49-6743-11A-01D-1855-08
chr3,32165818,32165818,+,GPD1L,-1.2616647253722268,4.324571775605085e-16,0.7041241452319316,OCG,0.629704,NA,Driver,Low-confidence,0,0,1,NA,NA,NA,NA,NA,NA,NA,NA,NA,Missense_Mutation,SNP,C,C,T,NA,NA,NA,NA,NA,NA,T,1,TCGA-38-4632-01A-01D-1753-08,TCGA-38-4632-11A-01D-1753-08
chr2,68826087,68826087,+,ARHGAP25,-0.9885531784960806,9.85779001562203e-16,0.45392015063150826,TSG,0.613746,NA,Driver,Low-confidence,0,0,1,NA,NA,NA,NA,NA,NA,NA,NA,NA,Missense_Mutation,SNP,C,C,A,NA,NA,NA,NA,NA,NA,A,1,TCGA-55-6972-01A-11D-1945-08,TCGA-55-6972-11A-01D-1945-08
chr8,94882821,94882821,+,CCNE2,1.625583253631965,1.4706888471457143e-15,1.998098747604236,OCG,0.564046,NA,Driver,Low-confidence,0,0,1,NA,NA,NA,NA,NA,NA,NA,NA,NA,Missense_Mutation,SNP,C,C,G,NA,NA,NA,NA,NA,NA,G,1,TCGA-91-6847-01A-11D-1945-08,TCGA-91-6847-11A-01D-1945-08
chr1,64641893,64641893,+,CACHD1,-1.7427351921806387,1.7404534278081053e-15,0.7886751345948129,OCG,0.768443,NA,Driver,Low-confidence,0,1,0,NA,NA,NA,NA,NA,NA,Candidate,25501392,pan-cancer_adult,Silent,SNP,G,G,A,NA,NA,NA,NA,NA,NA,A,1,TCGA-55-6984-01A-11D-1945-08,TCGA-55-6984-11A-01D-1945-08
chr19,54596309,54596309,+,LILRA1,-1.5870471296585127,7.475247427569776e-15,0.4596252275861826,OCG,0.914797,NA,Driver,High-confidence,0,0,1,NA,NA,NA,NA,NA,NA,NA,NA,NA,Missense_Mutation,SNP,C,C,A,NA,NA,NA,NA,NA,NA,A,1,TCGA-44-6145-01A-11D-1753-08,TCGA-44-6145-10A-01D-1753-08
chr19,54596490,54596490,+,LILRA1,-1.5870471296585127,7.475247427569776e-15,0.4596252275861826,OCG,0.595912,NA,Driver,Low-confidence,1,1,1,NA,NA,NA,NA,NA,NA,NA,NA,NA,Splice_Region,SNP,A,A,G,NA,NA,NA,NA,NA,NA,G,1,TCGA-91-6831-01A-11D-1855-08,TCGA-91-6831-11A-02D-1855-08
chr2,135604882,135604882,+,R3HDM1,0.8485362597197623,5.8047351011759966e-15,1.050550143149851,OCG,0.555644,NA,Driver,Low-confidence,0,0,1,NA,NA,NA,NA,NA,NA,NA,NA,NA,Missense_Mutation,SNP,A,A,T,NA,NA,NA,NA,NA,NA,T,1,TCGA-91-6829-01A-21D-1855-08,TCGA-91-6829-11A-01D-1855-08
chr11,75204535,75204535,+,SLCO2B1,-1.5390424253764863,5.922647316238095e-15,0.9178784957691262,TSG,0.626874,NA,Driver,Low-confidence,0,0,1,NA,NA,NA,NA,NA,NA,NA,NA,NA,Missense_Mutation,SNP,G,G,C,NA,NA,NA,NA,NA,NA,C,1,TCGA-49-6743-01A-11D-1855-08,TCGA-49-6743-11A-01D-1855-08
chr17,69123373,69123373,+,ABCA6,-1.3980711948588533,9.354237949597905e-15,0.5223020403066336,OCG,0.614259,NA,Driver,Low-confidence,0,1,0,NA,NA,NA,NA,NA,NA,NA,NA,NA,Silent,SNP,G,G,A,NA,NA,NA,NA,NA,NA,A,1,TCGA-44-6147-01A-31D-A27T-08,TCGA-44-6147-10A-01D-1753-08
chr10,126101162,126101162,+,ADAM12,3.0301226385550706,3.340961802954123e-14,0.6084762091282285,OCG,0.535413,NA,Driver,Low-confidence,0,0,1,NA,NA,NA,NA,NA,NA,NA,NA,NA,Missense_Mutation,SNP,T,T,C,NA,NA,NA,NA,NA,NA,C,1,TCGA-50-5930-01A-11D-1753-08,TCGA-50-5930-11A-01D-1753-08
chr15,29719799,29719799,+,TJP1,-0.8960168791826026,2.9909009978586254e-14,0.8535533905932737,OCG,0.506257,NA,Driver,Low-confidence,0,0,1,NA,NA,NA,NA,NA,NA,Candidate,27311963,pan-cancer_adult,Missense_Mutation,SNP,G,G,A,NA,NA,NA,NA,NA,NA,A,1,TCGA-49-6743-01A-11D-1855-08,TCGA-49-6743-11A-01D-1855-08
chr15,29732759,29732759,+,TJP1,-0.8960168791826026,2.9909009978586254e-14,0.8535533905932737,OCG,0.578521,NA,Driver,Low-confidence,0,0,1,NA,NA,NA,NA,NA,NA,Candidate,27311963,pan-cancer_adult,Missense_Mutation,SNP,C,C,A,NA,NA,NA,NA,NA,NA,A,1,TCGA-38-4626-01A-01D-1553-08,TCGA-38-4626-11A-01D-1553-08
chr20,45254467,45254467,+,SLPI,-2.3734712432682663,3.353604867456432e-14,1.414213562373095,OCG,0.508894,NA,Driver,Low-confidence,0,0,1,NA,NA,NA,NA,NA,NA,NA,NA,NA,Missense_Mutation,SNP,G,G,C,NA,NA,NA,NA,NA,NA,C,1,TCGA-49-6743-01A-11D-1855-08,TCGA-49-6743-11A-01D-1855-08
chr19,55401527,55401527,+,UBE2S,1.4288327970625971,6.508243560006285e-14,3.418093850982946,OCG,0.639358,NA,Driver,Low-confidence,0,0,1,NA,NA,NA,NA,NA,NA,NA,NA,NA,Missense_Mutation,SNP,C,C,T,NA,NA,NA,NA,NA,NA,T,1,TCGA-55-6985-01A-11D-1945-08,TCGA-55-6985-11A-01D-1945-08
chr3,133601197,133601197,+,TOPBP1,0.9217112185157728,5.4226317388069615e-14,2.2332187828578185,OCG,NA,0.643982,Driver,Low-confidence,1,1,0,NA,NA,NA,NA,NA,NA,NA,NA,NA,3'UTR,SNP,G,G,C,NA,NA,NA,NA,NA,NA,C,1,TCGA-91-6836-01A-21D-1855-08,TCGA-91-6836-11A-01D-1855-08
chr5,33630786,33630786,+,ADAMTS12,2.1214821908629182,2.09243976473786e-13,0.30935609032123335,TSG,0.626162,NA,Driver,Low-confidence,0,1,0,NA,NA,NA,NA,NA,NA,Candidate,21798893,squamous_head_and_neck_cancer,Silent,SNP,T,T,A,NA,NA,NA,NA,NA,NA,A,1,TCGA-91-6836-01A-21D-1855-08,TCGA-91-6836-11A-01D-1855-08
chr5,33596051,33596051,+,ADAMTS12,2.1214821908629182,2.09243976473786e-13,0.30935609032123335,TSG,0.600938,NA,Driver,Low-confidence,0,0,1,NA,NA,NA,NA,NA,NA,Candidate,21798893,squamous_head_and_neck_cancer,Missense_Mutation,SNP,C,C,T,NA,NA,NA,NA,NA,NA,T,1,TCGA-91-6829-01A-21D-1855-08,TCGA-91-6829-11A-01D-1855-08
chr9,137495046,137495046,+,PNPLA7,-1.5013172489429296,3.2928000418000247e-13,1.198817705505958,OCG,0.798912,NA,Driver,Low-confidence,0,0,1,NA,NA,NA,NA,NA,NA,Candidate,22158541,chronic_lymphocytic_leukemia,Missense_Mutation,SNP,C,C,T,NA,NA,NA,NA,NA,NA,T,1,TCGA-44-6145-01A-11D-1753-08,TCGA-44-6145-10A-01D-1753-08
chr8,123144745,123144745,+,TBC1D31,1.0742810467586728,3.448208716668486e-13,2.1132007163556104,OCG,0.949755,NA,Driver,High-confidence,0,0,1,NA,NA,NA,NA,NA,NA,NA,NA,NA,Missense_Mutation,SNP,G,G,A,NA,NA,NA,NA,NA,NA,A,1,TCGA-91-6847-01A-11D-1945-08,TCGA-91-6847-11A-01D-1945-08
chr8,144080356,144080356,+,EXOSC4,0.8320506947949877,5.469701992766017e-13,1,OCG,0.533494,NA,Driver,Low-confidence,0,0,1,NA,NA,NA,NA,NA,NA,NA,NA,NA,Missense_Mutation,SNP,G,G,A,NA,NA,NA,NA,NA,NA,A,1,TCGA-50-5933-01A-11D-1753-08,TCGA-50-5933-11A-01D-1753-08
chr5,35871099,35871099,+,IL7R,-1.6525893512321241,4.327517821939277e-13,0.7438008398134284,TSG,0.865489,NA,Driver,Low-confidence,0,1,0,NA,NA,NA,oncogene,NA,NA,OCG,"29625053, 28256603, 14993899, 27149842, 24390350, 29489755, 22237106",NA,Silent,SNP,A,A,G,NA,NA,NA,NA,NA,NA,G,1,TCGA-49-6743-01A-11D-1855-08,TCGA-49-6743-11A-01D-1855-08
chr12,15594960,15594960,+,PTPRO,-1.3642460217454868,1.6748925859933762e-12,1.1643880358312666,TSG,0.675049,NA,Driver,Low-confidence,0,0,1,NA,NA,NA,NA,NA,NA,Candidate,21499247,melanoma,Missense_Mutation,SNP,G,G,T,NA,NA,NA,NA,NA,NA,T,1,TCGA-44-6145-01A-11D-1753-08,TCGA-44-6145-10A-01D-1753-08
chr12,15499460,15499460,+,PTPRO,-1.3642460217454868,1.6748925859933762e-12,1.1643880358312666,TSG,0.830908,NA,Driver,Low-confidence,0,0,1,NA,NA,NA,NA,NA,NA,Candidate,21499247,melanoma,Missense_Mutation,SNP,C,C,A,NA,NA,NA,NA,NA,NA,A,1,TCGA-91-6829-01A-21D-1855-08,TCGA-91-6829-11A-01D-1855-08
chr22,44158003,44158003,+,PARVB,-0.7760131203653478,2.9946933080017562e-12,1.4433756729740645,TSG,0.558019,NA,Driver,Low-confidence,0,0,1,NA,NA,NA,NA,NA,NA,NA,NA,NA,Missense_Mutation,SNP,G,G,T,NA,NA,NA,NA,NA,NA,T,1,TCGA-55-6970-01A-11D-1945-08,TCGA-55-6970-11A-01D-1945-08
chr7,40684062,40684062,+,SUGCT,1.8571619834318427,4.804969355828697e-12,0.5203519112487694,TSG,0.625543,NA,Driver,Low-confidence,1,1,1,NA,NA,NA,NA,NA,NA,NA,NA,NA,Intron,SNP,G,G,C,NA,NA,NA,NA,NA,NA,C,1,TCGA-44-3396-01A-01D-1553-08,TCGA-44-3396-10A-01D-1265-08
chr17,43074363,43074363,+,BRCA1,1.2153112858437591,4.656872778695849e-12,3.112261571161638,OCG,0.943398,NA,Driver,High-confidence,0,0,1,NA,NA,NA,TSG,TSG,TSG,TSG,"29625053, 29622464, 21720365, 27087322, 27325650, 14993899, 28296713, 24132290, 24390350, 27311963, 27135926, 26017449, 27161491, 26000489, 32494066, 22722201, 23539594, 26099045, 25301631",NA,Missense_Mutation,SNP,G,G,A,NA,NA,NA,NA,NA,NA,A,1,TCGA-55-6972-01A-11D-1945-08,TCGA-55-6972-11A-01D-1945-08
chr5,173086538,173086538,+,CREBRF,-0.7524981666076096,2.8527034367847324e-12,1.022315569837947,OCG,0.523035,NA,Driver,Low-confidence,0,0,1,NA,NA,NA,NA,NA,NA,NA,NA,NA,Missense_Mutation,SNP,C,C,T,NA,NA,NA,NA,NA,NA,T,1,TCGA-50-5930-01A-11D-1753-08,TCGA-50-5930-11A-01D-1753-08
chr4,125468672,125468672,+,FAT4,-1.326015702613224,4.752945894690158e-12,1.7320508075688774,TSG,0.556326,NA,Driver,Low-confidence,0,1,0,NA,NA,NA,TSG,NA,NA,TSG,"14993899, 24121792, 29945994, 26503331, 26608593, 26648538, 22197931, 28551381, 22484628",NA,Silent,SNP,C,C,T,NA,NA,NA,NA,NA,NA,T,1,TCGA-49-4490-01A-21D-1855-08,TCGA-49-4490-11A-01D-1855-08
chr4,125407105,125407105,+,FAT4,-1.326015702613224,4.752945894690158e-12,1.7320508075688774,TSG,0.582535,NA,Driver,Low-confidence,0,0,1,NA,NA,NA,TSG,NA,NA,TSG,"14993899, 24121792, 29945994, 26503331, 26608593, 26648538, 22197931, 28551381, 22484628",NA,Missense_Mutation,SNP,G,G,T,NA,NA,NA,NA,NA,NA,T,1,TCGA-44-2668-01A-01D-A271-08,TCGA-44-2668-10A-01D-1489-08
chr11,65869905,65869905,+,EFEMP2,-0.8905329602165155,3.088713595524835e-11,0.5771601883432527,TSG,0.525131,NA,Driver,Low-confidence,0,0,1,NA,NA,NA,NA,NA,NA,NA,NA,NA,Missense_Mutation,SNP,G,G,A,NA,NA,NA,NA,NA,NA,A,1,TCGA-44-6777-01A-11D-1855-08,TCGA-44-6777-10A-01D-1855-08
chr11,65868530,65868530,+,EFEMP2,-0.8905329602165155,3.088713595524835e-11,0.5771601883432527,TSG,0.763427,NA,Driver,Low-confidence,0,0,1,Promoter,65867246,65868768,NA,NA,NA,NA,NA,NA,Missense_Mutation,SNP,A,A,G,NA,NA,NA,NA,NA,NA,G,1,TCGA-55-6986-01A-11D-1945-08,TCGA-55-6986-11A-01D-1945-08
chr5,83538569,83538569,+,VCAN,1.9703861336703712,4.8895295689675425e-11,0.6327987354006555,TSG,0.800238,NA,Driver,Low-confidence,0,0,1,NA,NA,NA,NA,NA,NA,Candidate,"27687306, 26648538","lung_adenocarcinoma, chronic_myelomonocytic_leukemia",Missense_Mutation,SNP,G,G,T,NA,NA,NA,NA,NA,NA,T,1,TCGA-50-5930-01A-11D-1753-08,TCGA-50-5930-11A-01D-1753-08
chr10,78019246,78019246,+,POLR3A,0.5958892399713349,8.765179690409041e-11,1.1547005383792517,OCG,0.806336,NA,Driver,Low-confidence,0,0,1,NA,NA,NA,NA,NA,NA,NA,NA,NA,Missense_Mutation,SNP,T,T,C,NA,NA,NA,NA,NA,NA,C,1,TCGA-55-6981-01A-11D-1945-08,TCGA-55-6981-11A-01D-1945-08
chr10,78025009,78025009,+,POLR3A,0.5958892399713349,8.765179690409041e-11,1.1547005383792517,OCG,0.565589,NA,Driver,Low-confidence,0,0,1,NA,NA,NA,NA,NA,NA,NA,NA,NA,Missense_Mutation,SNP,C,C,A,NA,NA,NA,NA,NA,NA,A,1,TCGA-91-6836-01A-21D-1855-08,TCGA-91-6836-11A-01D-1855-08
chr9,286497,286497,+,DOCK8,-1.0870942947780406,9.599470419469398e-11,0.6503098186537399,TSG,0.541904,NA,Driver,Low-confidence,0,0,1,NA,NA,NA,NA,NA,NA,Candidate,26121086,neuroblastoma,Missense_Mutation,SNP,G,G,C,NA,NA,NA,NA,NA,NA,C,1,TCGA-38-4625-01A-01D-1553-08,TCGA-38-4625-11A-01D-1553-08
chr9,340166,340166,+,DOCK8,-1.0870942947780406,9.599470419469398e-11,0.6503098186537399,TSG,0.676381,NA,Driver,Low-confidence,0,1,0,NA,NA,NA,NA,NA,NA,Candidate,26121086,neuroblastoma,Silent,SNP,A,A,G,NA,NA,NA,NA,NA,NA,G,1,TCGA-38-4625-01A-01D-1553-08,TCGA-38-4625-11A-01D-1553-08
chr19,51371741,51371741,+,NKG7,-1.5126134304559424,1.6885213949222434e-10,1.0412883585390977,TSG,NA,0.840646,Driver,High-confidence,1,1,0,NA,NA,NA,NA,NA,NA,NA,NA,NA,3'UTR,SNP,A,A,G,NA,NA,NA,NA,NA,NA,G,1,TCGA-44-2665-01A-01D-A271-08,TCGA-44-2665-10A-01D-1040-01
chr12,48063716,48063716,+,SENP1,0.5856863042005225,1.711590878378739e-10,0.944911182523068,OCG,0.786138,NA,Driver,Low-confidence,0,1,0,NA,NA,NA,NA,NA,NA,NA,NA,NA,Silent,SNP,A,A,G,NA,NA,NA,NA,NA,NA,G,1,TCGA-91-6849-01A-11D-1945-08,TCGA-91-6849-11A-01D-1945-08
chr22,36933899,36933899,+,CSF2RB,-1.1025074782376363,2.972913349583062e-10,0.6598696991758595,TSG,0.548991,NA,Driver,Low-confidence,0,0,1,NA,NA,NA,NA,NA,NA,NA,NA,NA,Missense_Mutation,SNP,G,G,T,NA,NA,NA,NA,NA,NA,T,1,TCGA-44-6147-01A-31D-A27T-08,TCGA-44-6147-10A-01D-1753-08
chr15,81282735,81282735,+,IL16,-0.994670192303774,4.139954506989714e-10,0.8010182814305858,OCG,0.591284,NA,Driver,Low-confidence,0,0,1,NA,NA,NA,NA,NA,NA,NA,NA,NA,Missense_Mutation,SNP,C,C,T,NA,NA,NA,NA,NA,NA,T,1,TCGA-55-6978-01A-11D-1945-08,TCGA-55-6978-11A-01D-1945-08
chr15,81285788,81285788,+,IL16,-0.994670192303774,4.139954506989714e-10,0.8010182814305858,OCG,0.682177,NA,Driver,Low-confidence,0,1,0,NA,NA,NA,NA,NA,NA,NA,NA,NA,Silent,SNP,C,C,A,NA,NA,NA,NA,NA,NA,A,1,TCGA-55-6985-01A-11D-1945-08,TCGA-55-6985-11A-01D-1945-08
chr20,37003715,37003715,+,RBL1,0.8035817782881214,5.329950228057838e-10,1.4002800428471742,OCG,0.546159,NA,Driver,Low-confidence,0,0,1,NA,NA,NA,NA,NA,NA,NA,NA,NA,Missense_Mutation,SNP,C,C,A,NA,NA,NA,NA,NA,NA,A,1,TCGA-44-2657-01A-01D-1105-08,TCGA-44-2657-10A-01D-1105-08
chr15,19964815,19964815,+,IGHV1OR15-9,2.4691899834013,9.68464378465978e-10,1.0606601717798212,OCG,0.830157,NA,Driver,Low-confidence,0,1,0,NA,NA,NA,NA,NA,NA,NA,NA,NA,Silent,SNP,T,T,A,NA,NA,NA,NA,NA,NA,A,1,TCGA-91-6836-01A-21D-1855-08,TCGA-91-6836-11A-01D-1855-08
chr15,19964816,19964816,+,IGHV1OR15-9,2.4691899834013,9.68464378465978e-10,1.0606601717798212,OCG,0.520702,NA,Driver,Low-confidence,0,0,1,NA,NA,NA,NA,NA,NA,NA,NA,NA,Missense_Mutation,SNP,C,C,T,NA,NA,NA,NA,NA,NA,T,1,TCGA-91-6836-01A-21D-1855-08,TCGA-91-6836-11A-01D-1855-08
chr12,10314808,10314808,+,KLRD1,-1.3581678646940816,5.128805133750796e-10,0.7539368836398895,TSG,NA,0.667988,Driver,Low-confidence,1,1,0,NA,NA,NA,NA,NA,NA,NA,NA,NA,3'UTR,SNP,A,A,T,NA,NA,NA,NA,NA,NA,T,1,TCGA-91-6828-01A-11D-1855-08,TCGA-91-6828-10A-01D-1855-08
chr4,10025992,10025992,+,SLC2A9,-0.8354195679001397,1.2736348032083531e-9,0.8514891282899555,OCG,NA,0.673373,Driver,Low-confidence,1,1,0,NA,NA,NA,NA,NA,NA,NA,NA,NA,5'Flank,SNP,T,T,C,NA,NA,NA,NA,NA,NA,C,1,TCGA-91-6836-01A-21D-1855-08,TCGA-91-6836-11A-01D-1855-08
chr4,9996843,9996843,+,SLC2A9,-0.8354195679001397,1.2736348032083531e-9,0.8514891282899555,OCG,0.713468,NA,Driver,Low-confidence,0,0,1,NA,NA,NA,NA,NA,NA,NA,NA,NA,Missense_Mutation,SNP,T,T,C,NA,NA,NA,NA,NA,NA,C,1,TCGA-44-6776-01A-11D-1855-08,TCGA-44-6776-10A-01D-1855-08
chr17,9943209,9943209,+,GAS7,-1.043137473894446,1.6469400735115004e-9,0.3591089451179962,TSG,0.664514,NA,Driver,Low-confidence,0,0,1,NA,NA,NA,NA,NA,NA,NA,NA,NA,Missense_Mutation,SNP,C,C,T,NA,NA,NA,NA,NA,NA,T,1,TCGA-49-6743-01A-11D-1855-08,TCGA-49-6743-11A-01D-1855-08
chr15,40290625,40290625,+,PLCB2,-0.9890649534549167,5.121166945799841e-9,1.170820393249937,TSG,0.509287,NA,Driver,Low-confidence,0,0,1,NA,NA,NA,NA,NA,NA,Candidate,27311963,pan-cancer_adult,Missense_Mutation,SNP,C,C,T,NA,NA,NA,NA,NA,NA,T,1,TCGA-49-6743-01A-11D-1855-08,TCGA-49-6743-11A-01D-1855-08
chr19,51125046,51125046,+,SIGLEC9,-1.0170908746234142,8.373905377301179e-9,1.0343573675538098,TSG,0.513058,NA,Driver,Low-confidence,0,1,0,NA,NA,NA,NA,NA,NA,NA,NA,NA,Silent,SNP,G,G,A,NA,NA,NA,NA,NA,NA,A,1,TCGA-55-6985-01A-11D-1945-08,TCGA-55-6985-11A-01D-1945-08
chr19,51126121,51126121,+,SIGLEC9,-1.0170908746234142,8.373905377301179e-9,1.0343573675538098,TSG,0.602947,NA,Driver,Low-confidence,0,0,1,NA,NA,NA,NA,NA,NA,NA,NA,NA,Missense_Mutation,SNP,C,C,A,NA,NA,NA,NA,NA,NA,A,1,TCGA-55-6985-01A-11D-1945-08,TCGA-55-6985-11A-01D-1945-08
chr2,89040391,89040391,+,IGKC,2.2173235029470586,4.979438136576799e-9,0.8623724356957946,OCG,0.589336,NA,Driver,Low-confidence,0,0,1,NA,NA,NA,NA,NA,NA,NA,NA,NA,Missense_Mutation,SNP,G,G,T,NA,NA,NA,NA,NA,NA,T,1,TCGA-91-6836-01A-21D-1855-08,TCGA-91-6836-11A-01D-1855-08
chr10,27167251,27167251,+,MASTL,0.7361291724230741,1.5669395994858272e-8,1.4213624321753373,OCG,0.684365,NA,Driver,Low-confidence,0,0,1,NA,NA,NA,NA,NA,NA,NA,NA,NA,Missense_Mutation,SNP,C,C,T,NA,NA,NA,NA,NA,NA,T,1,TCGA-38-4625-01A-01D-1553-08,TCGA-38-4625-11A-01D-1553-08
chr12,68690736,68690736,+,NUP107,0.8832759785024886,2.1453233008863156e-8,0.5773502691896258,OCG,0.794409,NA,Driver,Low-confidence,0,0,1,NA,NA,NA,NA,NA,NA,NA,NA,NA,Missense_Mutation,SNP,A,A,T,NA,NA,NA,NA,NA,NA,T,1,TCGA-44-6777-01A-11D-1855-08,TCGA-44-6777-10A-01D-1855-08
chr7,29030592,29030592,+,CPVL,-0.9210276439592562,1.7957054206415134e-8,1.2559289460184544,TSG,0.583971,NA,Driver,Low-confidence,0,1,0,NA,NA,NA,NA,NA,NA,NA,NA,NA,Silent,SNP,C,C,A,NA,NA,NA,NA,NA,NA,A,1,TCGA-55-6971-01A-11D-1945-08,TCGA-55-6971-11A-01D-1945-08
chr4,70234178,70234178,+,FDCSP,3.666207048736047,5.9107647310365874e-8,1.5118578920369088,OCG,0.949574,NA,Driver,High-confidence,0,1,0,NA,NA,NA,NA,NA,NA,NA,NA,NA,Silent,SNP,C,C,T,NA,NA,NA,NA,NA,NA,T,1,TCGA-91-6847-01A-11D-1945-08,TCGA-91-6847-11A-01D-1945-08
chr14,24607639,24607639,+,GZMH,-1.2607688862496866,9.271517051257756e-8,1.0206207261596576,TSG,0.566602,NA,Driver,Low-confidence,0,0,1,NA,NA,NA,NA,NA,NA,NA,NA,NA,Missense_Mutation,SNP,G,G,C,NA,NA,NA,NA,NA,NA,C,1,TCGA-38-4632-01A-01D-1753-08,TCGA-38-4632-11A-01D-1753-08
chr14,106359951,106359951,+,IGHV3-33,2.1995729626688347,2.445188602257019e-7,0.8009570669396048,OCG,0.749667,NA,Driver,Low-confidence,0,0,1,NA,NA,NA,NA,NA,NA,NA,NA,NA,Missense_Mutation,SNP,C,C,G,NA,NA,NA,NA,NA,NA,G,1,TCGA-91-6828-01A-11D-1855-08,TCGA-91-6828-10A-01D-1855-08
chr11,89326713,89326713,+,NOX4,1.3282041388916124,2.8762646973221736e-7,1.0826918138355885,TSG,NA,0.599808,Driver,Low-confidence,1,1,0,NA,NA,NA,NA,NA,NA,Candidate,29354286,pan-cancer_adult,3'UTR,SNP,G,G,T,NA,NA,NA,NA,NA,NA,T,1,TCGA-55-6968-01A-11D-1945-08,TCGA-55-6968-11A-01D-1945-08
chr11,89326713,89326713,+,NOX4,1.3282041388916124,2.8762646973221736e-7,1.0826918138355885,TSG,NA,0.599808,Driver,Low-confidence,1,1,0,NA,NA,NA,NA,NA,NA,Candidate,29354286,pan-cancer_adult,3'UTR,SNP,G,G,A,NA,NA,NA,NA,NA,NA,A,1,TCGA-91-6829-01A-21D-1855-08,TCGA-91-6829-11A-01D-1855-08
chr11,89342127,89342127,+,NOX4,1.3282041388916124,2.8762646973221736e-7,1.0826918138355885,TSG,0.888372,NA,Driver,Low-confidence,0,0,1,NA,NA,NA,NA,NA,NA,Candidate,29354286,pan-cancer_adult,Missense_Mutation,SNP,G,G,C,NA,NA,NA,NA,NA,NA,C,1,TCGA-49-6743-01A-11D-1855-08,TCGA-49-6743-11A-01D-1855-08
chr11,89451866,89451866,+,NOX4,1.3282041388916124,2.8762646973221736e-7,1.0826918138355885,TSG,0.527373,NA,Driver,Low-confidence,0,1,0,NA,NA,NA,NA,NA,NA,Candidate,29354286,pan-cancer_adult,Silent,SNP,T,T,A,NA,NA,NA,NA,NA,NA,A,1,TCGA-49-6743-01A-11D-1855-08,TCGA-49-6743-11A-01D-1855-08
chr1,170726315,170726315,+,PRRX1,1.1430108786516548,4.5493642594200744e-7,1.0833333333333335,TSG,0.661701,NA,Driver,Low-confidence,0,1,0,NA,NA,NA,NA,NA,NA,Candidate,27311963,pan-cancer_adult,Silent,SNP,C,C,T,NA,NA,NA,NA,NA,NA,T,1,TCGA-49-6742-01A-11D-1855-08,TCGA-49-6742-11A-01D-1855-08
chr11,111358908,111358908,+,POU2AF1,1.6434234388945146,4.249412985454626e-6,0.5374574785652648,OCG,0.725284,NA,Driver,Low-confidence,0,1,0,NA,NA,NA,"oncogene, fusion",NA,NA,OCG,"14993899, 28064239, 24390350",NA,Silent,SNP,C,C,G,NA,NA,NA,NA,NA,NA,G,1,TCGA-50-5930-01A-11D-1753-08,TCGA-50-5930-11A-01D-1753-08
chr16,33009526,33009526,+,IGHV3OR16-8,1.9035871456448121,8.203275214174811e-6,1.0606601717798212,OCG,0.761063,NA,Driver,Low-confidence,0,1,0,NA,NA,NA,NA,NA,NA,NA,NA,NA,Silent,SNP,C,C,A,NA,NA,NA,NA,NA,NA,A,1,TCGA-38-4626-01A-01D-1553-08,TCGA-38-4626-11A-01D-1553-08
chr16,33009351,33009351,+,IGHV3OR16-8,1.9035871456448121,8.203275214174811e-6,1.0606601717798212,OCG,0.851119,NA,Driver,Low-confidence,0,0,1,NA,NA,NA,NA,NA,NA,NA,NA,NA,Missense_Mutation,SNP,G,G,A,NA,NA,NA,NA,NA,NA,A,1,TCGA-44-6777-01A-11D-1855-08,TCGA-44-6777-10A-01D-1855-08
chr12,7485384,7485384,+,CD163,-1.0893771441436293,3.5659513688795654e-6,0.8666666666666666,TSG,0.583227,NA,Driver,Low-confidence,0,0,1,NA,NA,NA,NA,NA,NA,NA,NA,NA,Missense_Mutation,SNP,T,T,G,NA,NA,NA,NA,NA,NA,G,1,TCGA-50-5930-01A-11D-1753-08,TCGA-50-5930-11A-01D-1753-08
chr12,7495303,7495303,+,CD163,-1.0893771441436293,3.5659513688795654e-6,0.8666666666666666,TSG,0.526502,NA,Driver,Low-confidence,0,0,1,NA,NA,NA,NA,NA,NA,NA,NA,NA,Missense_Mutation,SNP,T,T,C,NA,NA,NA,NA,NA,NA,C,1,TCGA-50-5930-01A-11D-1753-08,TCGA-50-5930-11A-01D-1753-08
chr1,161505506,161505506,+,FCGR2A,-0.787569646275835,6.222453587637133e-6,0.5911651893648376,TSG,0.724609,NA,Driver,Low-confidence,0,1,0,NA,NA,NA,NA,NA,NA,NA,NA,NA,Silent,SNP,C,C,T,NA,NA,NA,NA,NA,NA,T,1,TCGA-49-6743-01A-11D-1855-08,TCGA-49-6743-11A-01D-1855-08
chr16,81908488,81908488,+,PLCG2,-0.5911299089094246,1.5446044574024787e-5,1.3660254037844388,TSG,0.537396,NA,Driver,Low-confidence,1,1,1,NA,NA,NA,NA,NA,NA,Candidate,"24390350, 24362818, 31558468","pan-cancer_adult, follicular_lymphoma, burkitt lymphoma",Nonsense_Mutation,SNP,G,G,T,NA,NA,NA,NA,NA,NA,T,1,TCGA-91-6836-01A-21D-1855-08,TCGA-91-6836-11A-01D-1855-08
chr3,122106221,122106221,+,CD86,-0.755346452188105,1.7170949657364858e-5,0.7264828815319083,TSG,0.858035,NA,Driver,Low-confidence,0,0,1,NA,NA,NA,NA,NA,NA,Candidate,28362259,pan-cancer_adult,Missense_Mutation,SNP,G,G,A,NA,NA,NA,NA,NA,NA,A,1,TCGA-44-6777-01A-11D-1855-08,TCGA-44-6777-10A-01D-1855-08
chr12,132638017,132638017,+,POLE,0.6070408226029151,2.5203452513688652e-5,1.310145657101259,OCG,0.905437,NA,Driver,High-confidence,0,0,1,NA,NA,NA,TSG,NA,NA,TSG,"29625053, 23636398, 14993899, 27348297, 24390350, 30132154, 29230811",NA,Missense_Mutation,SNP,C,C,T,NA,NA,NA,NA,NA,NA,T,1,TCGA-91-6836-01A-21D-1855-08,TCGA-91-6836-11A-01D-1855-08
chr12,132632510,132632510,+,POLE,0.6070408226029151,2.5203452513688652e-5,1.310145657101259,OCG,NA,0.576964,Driver,Low-confidence,1,1,1,NA,NA,NA,TSG,NA,NA,TSG,"29625053, 23636398, 14993899, 27348297, 24390350, 30132154, 29230811",NA,Splice_Site,SNP,T,T,A,NA,NA,NA,NA,NA,NA,A,1,TCGA-44-6777-01A-11D-1855-08,TCGA-44-6777-10A-01D-1855-08
chr11,60464255,60464255,+,MS4A1,1.8294928182961954,6.13828339199872e-5,1.133352775045438,OCG,NA,0.815384,Driver,High-confidence,1,1,1,NA,NA,NA,NA,NA,NA,NA,NA,NA,Intron,SNP,C,C,T,NA,NA,NA,NA,NA,NA,T,1,TCGA-91-6828-01A-11D-1855-08,TCGA-91-6828-10A-01D-1855-08
chr5,170270719,170270719,+,LCP2,-0.6722021054435743,7.072775765916711e-5,1.0088957517683554,TSG,0.611465,NA,Driver,Low-confidence,0,0,1,NA,NA,NA,NA,NA,NA,NA,NA,NA,Missense_Mutation,SNP,C,C,T,NA,NA,NA,NA,NA,NA,T,1,TCGA-55-6972-01A-11D-1945-08,TCGA-55-6972-11A-01D-1945-08
chr2,184937710,184937710,+,ZNF804A,-0.8402855837665852,1.4766812557287412e-4,1.316227766016838,TSG,0.64677,NA,Driver,Low-confidence,0,0,1,NA,NA,NA,NA,NA,NA,Candidate,22138691,clear_cell_renal_cancer,Missense_Mutation,SNP,C,C,T,NA,NA,NA,NA,NA,NA,T,1,TCGA-49-6742-01A-11D-1855-08,TCGA-49-6742-11A-01D-1855-08
chr17,16972027,16972027,+,TNFRSF13B,1.3340767028734477,0.0011836618047329221,1.3416407864998738,OCG,0.58954,NA,Driver,Low-confidence,1,1,1,NA,NA,NA,NA,NA,NA,NA,NA,NA,Nonsense_Mutation,SNP,G,G,A,NA,NA,NA,NA,NA,NA,A,1,TCGA-38-4632-01A-01D-1753-08,TCGA-38-4632-11A-01D-1753-08
chr6,112191851,112191851,+,LAMA4,-0.5703494772920585,0.0010443041159903783,1.2065945622110166,TSG,NA,0.60356,Driver,Low-confidence,1,1,1,NA,NA,NA,NA,NA,NA,Candidate,"21822268, 24121792, 24896186, 26625313","bladder_cancer, bladder_cancer, intracranial_germ_cell, bladder_cancer",Splice_Site,SNP,C,C,A,NA,NA,NA,NA,NA,NA,A,1,TCGA-50-5931-01A-11D-1753-08,TCGA-50-5931-11A-01D-1753-08
chr6,112148259,112148259,+,LAMA4,-0.5703494772920585,0.0010443041159903783,1.2065945622110166,TSG,0.530348,NA,Driver,Low-confidence,0,0,1,NA,NA,NA,NA,NA,NA,Candidate,"21822268, 24121792, 24896186, 26625313","bladder_cancer, bladder_cancer, intracranial_germ_cell, bladder_cancer",Missense_Mutation,SNP,C,C,T,NA,NA,NA,NA,NA,NA,T,1,TCGA-91-6836-01A-21D-1855-08,TCGA-91-6836-11A-01D-1855-08
chr6,112144884,112144884,+,LAMA4,-0.5703494772920585,0.0010443041159903783,1.2065945622110166,TSG,0.686503,NA,Driver,Low-confidence,0,1,0,NA,NA,NA,NA,NA,NA,Candidate,"21822268, 24121792, 24896186, 26625313","bladder_cancer, bladder_cancer, intracranial_germ_cell, bladder_cancer",Silent,SNP,C,C,A,NA,NA,NA,NA,NA,NA,A,1,TCGA-49-6743-01A-11D-1855-08,TCGA-49-6743-11A-01D-1855-08
chr6,112150551,112150551,+,LAMA4,-0.5703494772920585,0.0010443041159903783,1.2065945622110166,TSG,0.70895300000000006,NA,Driver,Low-confidence,0,1,0,NA,NA,NA,NA,NA,NA,Candidate,"21822268, 24121792, 24896186, 26625313","bladder_cancer, bladder_cancer, intracranial_germ_cell, bladder_cancer",Silent,SNP,T,T,C,NA,NA,NA,NA,NA,NA,C,1,TCGA-44-3398-01A-01D-1105-08,TCGA-44-3398-10A-01D-1105-08
chr15,48446710,48446710,+,FBN1,0.7183204083676227,0.0022938815744876525,0.937503933345418,TSG,0.909926,NA,Driver,High-confidence,0,1,0,NA,NA,NA,NA,NA,NA,NA,NA,NA,Silent,SNP,A,A,G,NA,NA,NA,NA,NA,NA,G,1,TCGA-55-6968-01A-11D-1945-08,TCGA-55-6968-11A-01D-1945-08
chr5,156759396,156759396,+,SGCD,-0.6046130684279438,0.0051735294108465,1.0850712541957748,TSG,NA,0.842874,Driver,High-confidence,1,1,0,NA,NA,NA,NA,NA,NA,NA,NA,NA,3'UTR,SNP,T,T,A,NA,NA,NA,NA,NA,NA,A,1,TCGA-91-6836-01A-21D-1855-08,TCGA-91-6836-11A-01D-1855-08
chr5,156759404,156759404,+,SGCD,-0.6046130684279438,0.0051735294108465,1.0850712541957748,TSG,NA,0.501275,Driver,Low-confidence,1,1,0,NA,NA,NA,NA,NA,NA,NA,NA,NA,3'UTR,SNP,G,G,T,NA,NA,NA,NA,NA,NA,T,1,TCGA-49-6761-01A-31D-1945-08,TCGA-49-6761-11A-01D-1945-08
chr5,156759406,156759406,+,SGCD,-0.6046130684279438,0.0051735294108465,1.0850712541957748,TSG,NA,0.542804,Driver,Low-confidence,1,1,0,NA,NA,NA,NA,NA,NA,NA,NA,NA,3'UTR,SNP,G,G,T,NA,NA,NA,NA,NA,NA,T,1,TCGA-49-6761-01A-31D-1945-08,TCGA-49-6761-11A-01D-1945-08
chr5,84384362,84384362,+,EDIL3,-0.5543130537725833,0.016120652593500737,0.9389822365046137,TSG,0.552363,NA,Driver,Low-confidence,0,0,1,Promoter,84383544,84385541,NA,NA,NA,NA,NA,NA,Missense_Mutation,SNP,C,C,A,NA,NA,NA,NA,NA,NA,A,1,TCGA-91-6836-01A-21D-1855-08,TCGA-91-6836-11A-01D-1855-08
chr12,8660899,8660899,+,MFAP5,-0.7581813808213897,0.08873068994716976,0.8266294869055062,TSG,NA,0.584186,Driver,Low-confidence,1,1,1,Promoter,8660898,8661057,NA,NA,NA,NA,NA,NA,Splice_Site,SNP,C,C,A,NA,NA,NA,NA,NA,NA,A,1,TCGA-50-5930-01A-11D-1753-08,TCGA-50-5930-11A-01D-1753-08
